{"train": [4.506508745261015, 4.418853263254379, 4.405260791143827, 4.394916353205411, 4.384790296283326, 4.375906122253217, 4.366502944489241, 4.35732414946861, 4.348091184072318, 4.337889073699312, 4.329444162571374, 4.318533476332902, 4.308365244209, 4.2982333532855375, 4.288500015078516, 4.278294176315908, 4.266360565738912, 4.254281410894646, 4.242465598469974, 4.230098381025874, 4.216396834987084, 4.204324824696781, 4.189086640885597, 4.175137138371312, 4.159246403093643, 4.143931055917746, 4.126116909002374, 4.109301482868849, 4.090186515306035, 4.069617513785962, 4.049306452014846, 4.026797044204538, 4.003309330742352, 3.976876701989902, 3.950544667149393, 3.92054506460841, 3.8902565951595065, 3.856018245087563, 3.8202799936322047, 3.7802012973013013, 3.7381104394985236, 3.691831465257348, 3.642046928013664, 3.587915374426128, 3.5280684913001625, 3.463920120207152, 3.3943668444866804, 3.3182663033014803, 3.236068990874754, 3.1467954171652996], "val": [4.391329375180331, 4.327503052624789, 4.320490750399503, 4.319274165413597, 4.349197604439476, 4.3299995769153945, 4.345574378967285, 4.308299368078059, 4.298523816195401, 4.255836183374578, 4.244121161374179, 4.245173757726496, 4.247765324332497, 4.25470122424039, 4.239964398470792, 4.2226176045157695, 4.210286595604637, 4.2068188190460205, 4.197905713861639, 4.164792255921797, 4.156065160577947, 4.129606355320323, 4.156587448987094, 4.114539861679077, 4.112811500375921, 4.073912577195601, 4.0370025201277295, 4.07311877337369, 4.037969394163652, 4.0164666392586446, 4.01517898386175, 3.9699276360598477, 3.9455386725339023, 3.909679824655706, 3.8823897621848364, 3.8682933937419546, 3.830526677044955, 3.8155226707458496, 3.7561677369204434, 3.744837154041637, 3.687645348635587, 3.6751287200234155, 3.615736484527588, 3.5585536523298784, 3.5330661210146816, 3.4665485728870737, 3.3951151154258032, 3.3353377905758945, 3.2473322911696, 3.18103365464644]}